순위,선수명,팀명,POS,G,GS,IP,E,PKO,PO,A,DP,FPCT,PB,SB,CS,CS%
1,김성현,SK,유격수,144,132,1143 2/3,26,0,179,357,83,0.954,0,0,0,-
2,정은원,한화,2루수,142,137,1192 2/3,13,0,299,418,116,0.982,0,0,0,-
3,최정,SK,3루수,134,133,1153,14,0,93,211,21,0.956,0,0,0,-
3,오지환,LG,유격수,134,131,1101,12,0,214,399,102,0.981,0,0,0,-
5,허경민,두산,3루수,132,124,1080,8,0,86,192,18,0.972,0,0,0,-
6,로맥,SK,1루수,130,127,1113 1/3,3,0,1021,47,102,0.997,0,0,0,-
6,김재호,두산,유격수,130,116,993 1/3,10,0,158,338,67,0.980,0,0,0,-
8,정주현,LG,2루수,128,124,972,13,0,209,308,79,0.975,0,0,0,-
9,오재일,두산,1루수,126,119,1044,4,0,1031,74,100,0.996,0,0,0,-
9,박경수,KT,2루수,126,121,983 2/3,9,0,222,350,81,0.985,0,0,0,-
11,심우준,KT,유격수,124,113,976 1/3,9,0,213,287,77,0.982,0,0,0,-
12,김상수,삼성,2루수,121,117,993,10,0,235,327,75,0.983,0,0,0,-
13,송광민,한화,3루수,120,115,974,16,0,79,217,32,0.949,0,0,0,-
13,오선진,한화,유격수,120,113,954 2/3,12,0,160,302,71,0.975,0,0,0,-
15,신본기,롯데,유격수,118,108,906 2/3,15,0,161,271,56,0.966,0,0,0,-
16,황재균,KT,3루수,117,112,964,10,0,103,213,22,0.969,0,0,0,-
17,이학주,삼성,유격수,116,110,935 1/3,19,0,155,279,67,0.958,0,0,0,-
17,박민우,NC,2루수,116,111,928 1/3,9,0,232,299,64,0.983,0,0,0,-
19,오태곤,KT,1루수,113,85,726 1/3,8,0,694,71,65,0.990,0,0,0,-
20,김선빈,KIA,유격수,110,100,835 2/3,9,0,143,265,63,0.978,0,0,0,-
21,박병호,키움,1루수,108,108,906 2/3,6,0,923,78,88,0.994,0,0,0,-
22,김하성,키움,유격수,105,100,846,15,0,150,284,62,0.967,0,0,0,-
22,김민성,LG,3루수,105,104,841 2/3,6,0,61,176,12,0.975,0,0,0,-
24,김용의,LG,1루수,96,40,481,5,0,452,41,37,0.990,0,0,0,-
25,안치홍,KIA,2루수,94,89,729 1/3,11,0,158,229,56,0.972,0,0,0,-
26,박찬호,KIA,3루수,92,82,692,10,0,76,136,9,0.955,0,0,0,-
27,러프,삼성,1루수,91,91,780 1/3,5,0,669,60,67,0.993,0,0,0,-
28,오재원,두산,2루수,88,44,480 2/3,7,0,122,160,45,0.976,0,0,0,-
28,이원석,삼성,3루수,88,87,722,13,0,45,127,11,0.930,0,0,0,-
30,김주찬,KIA,1루수,76,65,538 2/3,6,0,481,39,48,0.989,0,0,0,-
31,모창민,NC,1루수,71,63,545,5,0,489,39,56,0.991,0,0,0,-
32,노진혁,NC,유격수,70,61,497,2,0,80,165,30,0.992,0,0,0,-
33,최주환,두산,2루수,68,64,474,2,0,94,168,36,0.992,0,0,0,-
34,장영석,키움,3루수,67,63,511,7,0,31,117,8,0.955,0,0,0,-
34,손시헌,NC,유격수,67,35,344 1/3,4,0,54,137,31,0.979,0,0,0,-
36,김혜성,키움,유격수,66,43,426,9,0,63,145,21,0.959,0,0,0,-
37,박석민,NC,3루수,65,61,475 1/3,11,0,45,77,11,0.917,0,0,0,-
38,김혜성,키움,2루수,63,50,437 1/3,5,0,107,153,32,0.981,0,0,0,-
38,박찬호,KIA,유격수,63,41,379 1/3,5,0,85,135,31,0.978,0,0,0,-
40,서건창,키움,2루수,62,61,481,6,0,106,162,35,0.978,0,0,0,-
41,나주환,SK,2루수,61,49,399,1,0,96,155,38,0.996,0,0,0,-
42,김찬형,NC,유격수,58,36,340,3,0,62,106,22,0.982,0,0,0,-
42,이원재,NC,1루수,58,42,369,4,0,351,20,24,0.989,0,0,0,-
44,안상현,SK,2루수,55,16,250 2/3,6,0,53,93,18,0.961,0,0,0,-
44,오윤석,롯데,1루수,55,26,291,3,0,231,23,26,0.988,0,0,0,-
46,류지혁,두산,유격수,54,26,266,8,0,43,77,21,0.938,0,0,0,-
47,채태인,롯데,1루수,53,45,342 1/3,1,0,338,25,30,0.997,0,0,0,-
48,송성문,키움,3루수,52,44,389 1/3,4,0,27,77,12,0.963,0,0,0,-
48,강로한,롯데,유격수,52,28,261 2/3,12,0,45,78,25,0.911,0,0,0,-
48,박승욱,KT,1루수,52,25,252 1/3,2,0,265,23,27,0.993,0,0,0,-
48,노진혁,NC,3루수,52,31,301,3,0,19,82,12,0.971,0,0,0,-
52,윌슨,롯데,3루수,51,48,415,4,0,35,70,9,0.963,0,0,0,-
52,윤진호,LG,2루수,51,0,101,0,0,25,41,11,1.000,0,0,0,-
54,아수아헤,롯데,2루수,48,43,385 2/3,3,0,96,119,24,0.986,0,0,0,-
54,지석훈,NC,3루수,48,21,235 2/3,4,0,19,56,6,0.949,0,0,0,-
56,최영진,삼성,3루수,47,36,342 2/3,4,0,24,66,6,0.957,0,0,0,-
57,류지혁,두산,2루수,46,28,243 2/3,2,0,66,84,14,0.987,0,0,0,-
58,한동희,롯데,3루수,45,40,346 1/3,8,0,29,75,8,0.929,0,0,0,-
58,조셉,LG,1루수,45,44,357,4,0,352,33,36,0.990,0,0,0,-
60,최항,SK,2루수,43,38,280,3,0,65,79,15,0.980,0,0,0,-
61,김회성,한화,1루수,42,15,173 2/3,1,0,138,12,19,0.993,0,0,0,-
61,최영진,삼성,1루수,42,29,269,4,0,263,22,36,0.986,0,0,0,-
61,정훈,롯데,1루수,42,25,238 2/3,1,0,218,14,25,0.996,0,0,0,-
61,박승욱,KT,2루수,42,17,200,2,0,50,54,16,0.981,0,0,0,-
65,장영석,키움,1루수,40,20,221 1/3,3,0,179,14,15,0.985,0,0,0,-
65,최원준,KIA,3루수,40,35,309,6,0,22,55,3,0.928,0,0,0,-
67,송성문,키움,2루수,39,29,263 2/3,3,0,53,78,20,0.978,0,0,0,-
67,윤진호,LG,3루수,39,2,100,1,0,4,21,2,0.962,0,0,0,-
69,유민상,KIA,1루수,38,31,285,3,0,283,18,28,0.990,0,0,0,-
69,강로한,롯데,2루수,38,33,264 2/3,5,0,60,118,25,0.973,0,0,0,-
69,이상호,NC,1루수,38,17,181 1/3,2,0,173,16,19,0.990,0,0,0,-
72,노시환,한화,1루수,36,24,201 2/3,2,0,202,13,19,0.991,0,0,0,-
72,김하성,키움,3루수,36,28,240 1/3,5,0,7,44,4,0.911,0,0,0,-
74,이상호,NC,2루수,35,19,190 2/3,1,0,50,52,16,0.990,0,0,0,-
75,김지수,키움,3루수,34,1,66 1/3,0,0,9,9,1,1.000,0,0,0,-
75,류승현,KIA,1루수,34,25,197 2/3,0,0,191,18,15,1.000,0,0,0,-
77,김지수,키움,2루수,33,1,70,1,0,20,27,9,0.979,0,0,0,-
78,황윤호,KIA,2루수,32,16,152 2/3,4,0,33,47,12,0.952,0,0,0,-
78,구본혁,LG,3루수,32,16,148,0,0,7,26,3,1.000,0,0,0,-
78,신민재,LG,2루수,32,13,133,0,0,37,45,14,1.000,0,0,0,-
81,김태균,한화,1루수,31,30,223 1/3,1,0,201,12,19,0.995,0,0,0,-
81,강민국,KT,유격수,31,21,176,5,0,38,64,9,0.953,0,0,0,-
81,윤석민,KT,1루수,31,20,179,1,0,179,9,21,0.995,0,0,0,-
84,정근우,한화,1루수,30,24,206 2/3,4,0,192,11,22,0.981,0,0,0,-
84,오윤석,롯데,2루수,30,24,176 1/3,1,0,44,60,12,0.990,0,0,0,-
86,류지혁,두산,3루수,29,17,148,1,0,20,29,6,0.980,0,0,0,-
86,고승민,롯데,2루수,29,19,185,2,0,49,65,18,0.983,0,0,0,-
86,김현수,LG,1루수,29,28,209 1/3,1,0,225,20,28,0.996,0,0,0,-
89,박계범,삼성,유격수,28,25,217 2/3,5,0,47,72,17,0.960,0,0,0,-
90,강경학,한화,유격수,27,17,153,3,0,31,50,18,0.964,0,0,0,-
90,변우혁,한화,1루수,27,14,133,1,0,124,11,18,0.993,0,0,0,-
90,김성훈,삼성,2루수,27,8,104 1/3,1,0,27,36,9,0.984,0,0,0,-
90,강로한,롯데,3루수,27,23,183 1/3,3,0,18,38,1,0.949,0,0,0,-
94,노시환,한화,3루수,26,18,167,5,0,7,37,4,0.898,0,0,0,-
94,페게로,LG,1루수,26,26,189,6,0,169,15,17,0.968,0,0,0,-
96,구본혁,LG,유격수,25,9,111,1,0,13,46,7,0.983,0,0,0,-
97,샌즈,키움,1루수,24,15,140,1,0,154,8,9,0.994,0,0,0,-
98,이성열,한화,1루수,23,18,159,2,0,159,11,19,0.988,0,0,0,-
98,황윤호,KIA,3루수,23,11,110,2,0,15,21,0,0.947,0,0,0,-
100,노시환,한화,유격수,22,4,60,0,0,11,21,7,1.000,0,0,0,-
100,김동한,롯데,2루수,22,14,124,2,0,26,39,11,0.970,0,0,0,-
100,윤석민,KT,3루수,22,18,129 2/3,4,0,12,22,0,0.895,0,0,0,-
100,이상호,NC,3루수,22,15,130,2,0,10,28,5,0.950,0,0,0,-
104,이대호,롯데,1루수,21,20,147 2/3,1,0,140,17,16,0.994,0,0,0,-
104,윤진호,LG,유격수,21,2,49 1/3,1,0,11,9,3,0.952,0,0,0,-
106,문상철,KT,1루수,20,13,105 1/3,4,0,101,9,10,0.965,0,0,0,-
107,김태진,NC,3루수,19,15,122,1,0,7,24,3,0.969,0,0,0,-
108,강경학,한화,1루수,18,5,69,0,0,70,3,7,1.000,0,0,0,-
108,김회성,한화,3루수,18,10,96 2/3,1,0,7,25,5,0.970,0,0,0,-
108,지석훈,NC,2루수,18,3,58 1/3,0,0,8,18,4,1.000,0,0,0,-
111,김창평,SK,2루수,17,15,122,0,0,29,47,11,1.000,0,0,0,-
111,나주환,SK,3루수,17,5,66,0,0,2,15,1,1.000,0,0,0,-
111,류지혁,두산,1루수,17,0,27 1/3,0,0,20,6,2,1.000,0,0,0,-
111,김인환,한화,1루수,17,14,97,1,0,83,5,5,0.989,0,0,0,-
111,공민규,삼성,1루수,17,14,119,2,0,86,8,6,0.979,0,0,0,-
111,베탄코트,NC,1루수,17,17,140,3,0,123,7,8,0.977,0,0,0,-
117,고장혁,KIA,3루수,16,9,77 1/3,4,0,1,9,0,0.714,0,0,0,-
117,안치홍,KIA,1루수,16,9,76,0,0,66,8,10,1.000,0,0,0,-
117,박계범,삼성,3루수,16,11,99 2/3,2,0,11,17,2,0.933,0,0,0,-
117,문규현,롯데,3루수,16,11,105,2,0,7,35,3,0.955,0,0,0,-
117,지석훈,NC,유격수,16,12,103,1,0,23,39,5,0.984,0,0,0,-
122,페르난데스,두산,1루수,15,15,117,3,0,105,3,14,0.973,0,0,0,-
122,박계범,삼성,2루수,15,11,98,2,0,19,16,6,0.946,0,0,0,-
124,정현,SK,유격수,14,5,45,0,0,7,12,5,1.000,0,0,0,-
124,신성현,두산,1루수,14,7,66,1,0,66,6,5,0.986,0,0,0,-
124,김성훈,삼성,3루수,14,2,36,1,0,3,7,0,0.909,0,0,0,-
124,문규현,롯데,유격수,14,3,34,1,0,6,12,3,0.947,0,0,0,-
124,배성근,롯데,2루수,14,5,61,1,0,16,20,6,0.973,0,0,0,-
124,김태진,NC,2루수,14,10,92,0,0,21,41,13,1.000,0,0,0,-
130,안상현,SK,유격수,13,3,42 1/3,0,0,9,7,2,1.000,0,0,0,-
130,정병곤,두산,2루수,13,5,50 2/3,0,0,11,18,4,1.000,0,0,0,-
130,강경학,한화,2루수,13,4,51,1,0,20,14,6,0.971,0,0,0,-
130,김선빈,KIA,2루수,13,10,77,1,0,9,25,5,0.971,0,0,0,-
130,류승현,KIA,2루수,13,8,72,1,0,17,12,4,0.967,0,0,0,-
130,문선재,KIA,1루수,13,4,45,2,0,33,1,3,0.944,0,0,0,-
130,오정환,KIA,2루수,13,3,46 1/3,1,0,8,17,3,0.962,0,0,0,-
130,윌슨,롯데,1루수,13,12,104,0,0,100,11,9,1.000,0,0,0,-
130,양종민,LG,3루수,13,11,92 2/3,4,0,5,22,0,0.871,0,0,0,-
130,강민국,KT,3루수,13,1,31 2/3,1,0,6,5,0,0.917,0,0,0,-
130,고명성,KT,유격수,13,1,35 2/3,1,0,3,18,4,0.955,0,0,0,-
141,정현,SK,2루수,12,6,61 1/3,0,0,22,16,8,1.000,0,0,0,-
141,최준우,SK,2루수,12,11,76,0,0,15,25,4,1.000,0,0,0,-
141,배성근,롯데,3루수,12,3,33 1/3,2,0,2,2,0,0.667,0,0,0,-
141,박승욱,KT,3루수,12,8,70 2/3,0,0,2,15,3,1.000,0,0,0,-
145,나주환,SK,1루수,11,6,63,0,0,56,1,6,1.000,0,0,0,-
145,박찬호,KIA,2루수,11,7,69 2/3,1,0,25,23,8,0.980,0,0,0,-
145,김성훈,삼성,유격수,11,3,50 1/3,1,0,14,13,5,0.964,0,0,0,-
145,김민수,롯데,3루수,11,10,89,1,0,9,13,0,0.957,0,0,0,-
145,신용수,롯데,유격수,11,2,36,4,0,4,9,1,0.765,0,0,0,-
145,전병우,롯데,1루수,11,8,64 1/3,1,0,66,4,4,0.986,0,0,0,-
1,오지환,LG,유격수,143,142,1198 2/3,24,0,211,409,74,0.963,0,0,0,-
2,하주석,한화,유격수,141,132,1142 2/3,18,0,194,348,80,0.968,0,0,0,-
3,허경민,두산,3루수,132,121,1046,7,0,87,226,29,0.978,0,0,0,-
3,번즈,롯데,2루수,132,127,1073,22,0,260,360,81,0.966,0,0,0,-
3,로맥,SK,1루수,132,124,1078 2/3,8,0,1026,68,90,0.993,0,0,0,-
6,김재호,두산,유격수,129,114,939,12,0,154,285,66,0.973,0,0,0,-
7,박경수,KT,2루수,127,122,1016,14,0,283,381,111,0.979,0,0,0,-
8,김선빈,KIA,유격수,126,115,962,12,0,163,293,62,0.974,0,0,0,-
8,김하성,넥센,유격수,126,124,1071 2/3,13,0,206,396,69,0.979,0,0,0,-
10,황재균,KT,3루수,125,123,1040 1/3,17,0,68,221,32,0.944,0,0,0,-
11,오재원,두산,2루수,122,116,966,16,0,236,305,81,0.971,0,0,0,-
12,김상수,삼성,유격수,120,120,989,16,0,164,288,68,0.966,0,0,0,-
12,윤석민,KT,1루수,120,115,954 1/3,7,0,881,54,108,0.993,0,0,0,-
14,이원석,삼성,3루수,119,117,965 2/3,9,0,87,173,13,0.967,0,0,0,-
15,오재일,두산,1루수,115,107,939 2/3,4,0,878,53,92,0.996,0,0,0,-
15,스크럭스,NC,1루수,115,113,962 1/3,11,0,848,55,94,0.988,0,0,0,-
17,심우준,KT,유격수,114,92,793,13,0,174,270,72,0.972,0,0,0,-
18,양석환,LG,3루수,113,109,882,11,0,72,171,15,0.957,0,0,0,-
18,러프,삼성,1루수,113,111,953 1/3,6,0,847,65,88,0.993,0,0,0,-
20,김혜성,넥센,2루수,111,94,818 2/3,12,0,192,312,72,0.977,0,0,0,-
21,안치홍,KIA,2루수,110,105,867 2/3,8,0,204,276,68,0.984,0,0,0,-
21,문규현,롯데,유격수,110,83,726 1/3,13,0,105,237,46,0.963,0,0,0,-
23,최정,SK,3루수,109,104,901 2/3,11,0,64,184,17,0.958,0,0,0,-
23,김민성,넥센,3루수,109,104,895 2/3,7,0,69,163,27,0.971,0,0,0,-
25,박민우,NC,2루수,106,102,827 2/3,8,0,242,257,73,0.984,0,0,0,-
26,이범호,KIA,3루수,101,92,728,4,0,51,142,12,0.980,0,0,0,-
26,박병호,넥센,1루수,101,101,841 2/3,11,0,821,57,77,0.988,0,0,0,-
28,김주찬,KIA,1루수,100,95,771,3,0,741,31,76,0.996,0,0,0,-
29,채태인,롯데,1루수,99,78,696 1/3,4,0,630,52,62,0.994,0,0,0,-
29,정주현,LG,2루수,99,95,765 1/3,15,0,167,250,46,0.965,0,0,0,-
31,김성현,SK,2루수,94,72,666 2/3,8,0,143,208,54,0.978,0,0,0,-
31,송광민,한화,3루수,94,89,738 1/3,10,0,48,149,18,0.952,0,0,0,-
33,김용의,LG,1루수,89,36,435 1/3,1,0,397,34,30,0.998,0,0,0,-
34,신본기,롯데,유격수,83,59,522 2/3,11,0,81,166,36,0.957,0,0,0,-
35,한동희,롯데,3루수,80,57,505,12,0,36,91,11,0.914,0,0,0,-
35,나주환,SK,유격수,80,70,590 2/3,11,0,93,192,41,0.963,0,0,0,-
37,손주인,삼성,2루수,76,67,512 1/3,5,0,105,175,35,0.982,0,0,0,-
38,강한울,삼성,2루수,75,52,495 2/3,4,0,109,154,42,0.985,0,0,0,-
39,류지혁,두산,유격수,74,29,336,4,0,71,109,30,0.978,0,0,0,-
40,신본기,롯데,3루수,73,52,434,8,0,31,79,12,0.932,0,0,0,-
40,박기혁,KT,유격수,73,38,361,3,0,56,124,31,0.984,0,0,0,-
42,노진혁,NC,유격수,71,48,437 2/3,6,0,65,142,27,0.972,0,0,0,-
43,노진혁,NC,3루수,70,57,467,9,0,34,111,12,0.942,0,0,0,-
44,김현수,LG,1루수,68,60,452 1/3,5,0,396,38,39,0.989,0,0,0,-
44,정은원,한화,2루수,68,41,402 2/3,3,0,78,124,33,0.985,0,0,0,-
46,손시헌,NC,유격수,66,49,391 1/3,3,0,83,125,30,0.986,0,0,0,-
47,강경학,한화,2루수,63,54,468 2/3,1,0,109,149,38,0.996,0,0,0,-
48,강승호,SK,2루수,59,50,424 1/3,9,0,119,149,46,0.968,0,0,0,-
49,이성열,한화,1루수,58,54,444 2/3,4,0,397,32,37,0.991,0,0,0,-
50,최항,SK,2루수,53,43,333 2/3,8,0,68,117,22,0.959,0,0,0,-
50,장영석,넥센,1루수,53,21,256 1/3,1,0,245,14,30,0.996,0,0,0,-
50,김성훈,삼성,2루수,53,22,240 1/3,3,0,58,57,16,0.975,0,0,0,-
53,이상호,NC,2루수,49,26,253 1/3,2,0,66,68,22,0.985,0,0,0,-
53,윤진호,LG,3루수,49,1,101 2/3,1,0,7,22,1,0.967,0,0,0,-
55,이대호,롯데,1루수,48,46,368,3,0,339,35,39,0.992,0,0,0,-
55,모창민,NC,3루수,48,44,346 1/3,7,0,31,64,6,0.931,0,0,0,-
55,김성현,SK,유격수,48,45,355,9,0,51,112,27,0.948,0,0,0,-
58,김찬형,NC,유격수,47,30,269,5,0,41,81,21,0.961,0,0,0,-
58,송성문,넥센,2루수,47,33,288,2,0,68,110,29,0.989,0,0,0,-
60,김성훈,삼성,유격수,46,17,225 1/3,1,0,42,71,19,0.991,0,0,0,-
61,오태곤,KT,1루수,42,20,222,1,0,221,18,24,0.996,0,0,0,-
62,오선진,한화,3루수,41,27,248,4,0,17,42,6,0.937,0,0,0,-
63,정성훈,KIA,1루수,40,24,213,3,0,174,14,16,0.984,0,0,0,-
63,최원준,KIA,3루수,40,17,177 2/3,8,0,18,44,3,0.886,0,0,0,-
63,김혜성,넥센,유격수,40,20,204 1/3,4,0,37,66,14,0.963,0,0,0,-
66,정근우,한화,2루수,39,38,303,9,0,72,94,27,0.949,0,0,0,-
67,박성한,SK,유격수,37,13,156 2/3,6,0,26,57,11,0.933,0,0,0,-
67,박승욱,SK,유격수,37,16,172 1/3,2,0,30,54,14,0.977,0,0,0,-
69,홍재호,KIA,2루수,36,16,161 1/3,3,0,26,42,8,0.958,0,0,0,-
70,최원준,KIA,유격수,35,24,205,3,0,43,55,20,0.970,0,0,0,-
70,황윤호,KIA,유격수,35,5,101 2/3,1,0,19,38,13,0.983,0,0,0,-
70,정훈,롯데,1루수,35,15,165 1/3,1,0,154,4,13,0.994,0,0,0,-
70,지석훈,NC,유격수,35,16,142 2/3,2,0,24,48,15,0.973,0,0,0,-
74,모창민,NC,1루수,34,26,219 2/3,2,0,195,16,22,0.991,0,0,0,-
75,가르시아,LG,3루수,33,32,273 1/3,9,0,21,46,12,0.882,0,0,0,-
75,윤진호,LG,2루수,33,1,89,0,0,23,27,4,1.000,0,0,0,-
75,정근우,한화,1루수,33,33,262,2,0,238,22,32,0.992,0,0,0,-
78,나주환,SK,3루수,32,13,131 1/3,1,0,11,28,2,0.975,0,0,0,-
79,류승현,KIA,3루수,31,19,156 2/3,4,0,11,34,4,0.918,0,0,0,-
79,김회성,한화,3루수,31,15,153 2/3,0,0,13,30,3,1.000,0,0,0,-
81,김지수,넥센,2루수,30,9,110 1/3,0,0,15,36,4,1.000,0,0,0,-
82,최정민,KIA,2루수,29,12,118,2,0,29,36,8,0.970,0,0,0,-
82,양석환,LG,1루수,29,21,187 1/3,3,0,150,16,21,0.982,0,0,0,-
82,정현,KT,2루수,29,10,107,1,0,27,42,8,0.986,0,0,0,-
85,장영석,넥센,3루수,28,20,161,1,0,12,29,2,0.976,0,0,0,-
86,황윤호,KIA,3루수,27,0,42 2/3,0,0,1,10,1,1.000,0,0,0,-
86,류지혁,두산,2루수,27,10,118,0,0,19,47,8,1.000,0,0,0,-
86,손주인,삼성,3루수,27,13,154,0,0,14,29,3,1.000,0,0,0,-
86,박기혁,KT,2루수,27,12,131 2/3,1,0,43,47,12,0.989,0,0,0,-
90,정성훈,KIA,3루수,26,9,95,3,0,5,20,1,0.893,0,0,0,-
90,류지혁,두산,3루수,26,15,129 2/3,0,0,10,23,1,1.000,0,0,0,-
90,김동한,롯데,3루수,26,15,139,3,0,13,25,2,0.927,0,0,0,-
90,박석민,NC,3루수,26,24,189,4,0,8,41,8,0.925,0,0,0,-
90,윤진호,LG,유격수,26,0,51,1,0,11,12,1,0.958,0,0,0,-
90,김회성,한화,1루수,26,7,91,0,0,74,7,3,1.000,0,0,0,-
90,심우준,KT,3루수,26,12,128,0,0,10,33,4,1.000,0,0,0,-
97,백창수,한화,1루수,25,13,140,2,0,125,13,15,0.986,0,0,0,-
97,최영진,삼성,1루수,25,13,134,1,0,122,5,13,0.992,0,0,0,-
99,신본기,롯데,2루수,23,10,102 2/3,1,0,28,32,8,0.984,0,0,0,-
99,지석훈,NC,3루수,23,0,44 1/3,1,0,8,8,0,0.941,0,0,0,-
99,박지규,LG,2루수,23,14,128 1/3,2,0,16,47,5,0.969,0,0,0,-
99,송성문,넥센,3루수,23,18,173 1/3,2,0,17,36,4,0.964,0,0,0,-
99,정은원,한화,유격수,23,4,57,1,0,12,18,4,0.968,0,0,0,-
104,서동욱,KIA,1루수,22,5,69 1/3,0,0,58,4,3,1.000,0,0,0,-
104,황윤호,KIA,2루수,22,4,61,2,0,14,20,6,0.944,0,0,0,-
104,이상호,NC,3루수,22,6,81 1/3,0,0,7,15,2,1.000,0,0,0,-
104,최항,SK,3루수,22,11,94 2/3,1,0,9,17,1,0.963,0,0,0,-
108,최주환,두산,2루수,20,16,123,2,0,28,42,12,0.972,0,0,0,-
108,최영진,삼성,3루수,20,12,119 1/3,2,0,9,16,3,0.926,0,0,0,-
108,정현,KT,유격수,20,14,116 1/3,6,0,18,31,5,0.891,0,0,0,-
111,류지혁,두산,1루수,19,2,36 1/3,0,0,33,0,6,1.000,0,0,0,-
111,지석훈,NC,2루수,19,8,83 1/3,2,0,22,24,5,0.958,0,0,0,-
111,김재율,LG,1루수,19,12,83,0,0,77,5,6,1.000,0,0,0,-
111,김규민,넥센,1루수,19,14,112 1/3,3,0,108,2,16,0.973,0,0,0,-
111,송광민,한화,1루수,19,18,154,2,0,146,14,10,0.988,0,0,0,-
116,이병휘,두산,2루수,18,1,37,0,0,11,5,2,1.000,0,0,0,-
116,김태균,한화,1루수,18,18,145,2,0,127,10,13,0.986,0,0,0,-
118,오선진,한화,2루수,17,10,79 2/3,1,0,10,27,5,0.974,0,0,0,-
118,정현,KT,3루수,17,4,48 1/3,1,0,6,6,1,0.923,0,0,0,-
120,최원준,KIA,1루수,16,7,70 2/3,1,0,61,7,3,0.986,0,0,0,-
120,나주환,SK,1루수,16,6,75,0,0,55,6,8,1.000,0,0,0,-
120,황재균,KT,1루수,16,9,92,0,0,101,8,9,1.000,0,0,0,-
123,최주환,두산,1루수,15,10,87,0,0,89,2,10,1.000,0,0,0,-
123,김동한,롯데,2루수,15,3,48,0,0,6,21,3,1.000,0,0,0,-
123,전병우,롯데,3루수,15,10,96,0,0,10,12,1,1.000,0,0,0,-
123,강승호,SK,3루수,15,4,60,2,0,2,8,0,0.833,0,0,0,-
127,나주환,SK,2루수,14,9,88,1,0,19,35,11,0.982,0,0,0,-
127,조동찬,삼성,1루수,14,6,67,0,0,61,3,6,1.000,0,0,0,-
129,안치홍,KIA,1루수,13,8,72,0,0,56,3,6,1.000,0,0,0,-
129,홍재호,KIA,3루수,13,4,38 2/3,0,0,5,3,1,1.000,0,0,0,-
129,서상우,LG,1루수,13,9,64,1,0,63,4,3,0.985,0,0,0,-
129,김태연,한화,3루수,13,4,50,2,0,1,4,0,0.714,0,0,0,-
133,이원재,NC,1루수,12,5,52 2/3,1,0,41,6,5,0.979,0,0,0,-
133,로맥,SK,3루수,12,12,83,3,0,9,20,2,0.906,0,0,0,-
133,김하성,넥센,3루수,12,2,32,0,0,0,8,1,1.000,0,0,0,-
133,김성훈,삼성,3루수,12,1,33 1/3,0,0,6,10,3,1.000,0,0,0,-
137,최원준,KIA,2루수,11,5,45 2/3,0,0,15,17,7,1.000,0,0,0,-
137,황경태,두산,3루수,11,1,24 1/3,1,0,1,4,0,0.833,0,0,0,-
137,김찬형,NC,3루수,11,5,56 2/3,0,0,3,18,1,1.000,0,0,0,-
137,정은원,한화,3루수,11,7,61,1,0,9,8,2,0.944,0,0,0,-
141,양종민,두산,2루수,10,1,19,0,0,2,4,3,1.000,0,0,0,-
141,전병우,롯데,2루수,10,3,37 1/3,1,0,12,16,3,0.966,0,0,0,-
141,황진수,롯데,3루수,10,3,43,2,0,3,9,1,0.857,0,0,0,-
141,김찬형,NC,2루수,10,3,43,0,0,11,17,3,1.000,0,0,0,-
141,도태훈,NC,2루수,10,4,40 2/3,0,0,13,16,4,1.000,0,0,0,-
141,최승준,SK,1루수,10,6,50 2/3,2,0,47,2,7,0.961,0,0,0,-
141,김지수,넥센,3루수,10,0,20,1,0,2,2,1,0.800,0,0,0,-
148,유민상,KIA,1루수,9,2,18,0,0,10,2,1,1.000,0,0,0,-
148,신성현,두산,1루수,9,6,48 1/3,1,0,44,5,7,0.980,0,0,0,-
148,도태훈,NC,3루수,9,2,32,0,0,6,7,1,1.000,0,0,0,-
1,김하성,넥센,유격수,138,133,1163,18,0,207,422,71,0.972,0,0,0,-
2,김선빈,KIA,유격수,134,122,1056,14,0,169,346,80,0.974,0,0,0,-
3,안치홍,KIA,2루수,131,126,1082 1/3,13,0,291,359,98,0.980,0,0,0,-
4,허경민,두산,3루수,130,104,952 1/3,5,0,100,202,18,0.984,0,0,0,-
5,김성현,SK,2루수,128,106,959 1/3,6,0,229,340,77,0.990,0,0,0,-
6,김민성,넥센,3루수,125,119,1028,6,0,110,242,32,0.983,0,0,0,-
7,손시헌,NC,유격수,123,107,849 2/3,10,0,154,301,62,0.978,0,0,0,-
8,서건창,넥센,2루수,122,120,1008 2/3,12,0,254,329,73,0.980,0,0,0,-
8,박경수,KT,2루수,122,119,950,6,0,243,312,78,0.989,0,0,0,-
10,최정,SK,3루수,117,116,936 2/3,6,0,77,213,20,0.980,0,0,0,-
11,이대호,롯데,1루수,116,114,935 2/3,8,0,898,59,92,0.992,0,0,0,-
12,오재원,두산,2루수,113,82,766 2/3,6,0,204,214,63,0.986,0,0,0,-
13,이범호,KIA,3루수,111,105,867 2/3,13,0,57,179,24,0.948,0,0,0,-
13,이원석,삼성,3루수,111,107,910 1/3,12,0,69,191,23,0.956,0,0,0,-
15,번즈,롯데,2루수,110,103,916 1/3,8,0,225,307,72,0.985,0,0,0,-
16,러프,삼성,1루수,109,109,936,7,0,827,71,96,0.992,0,0,0,-
17,하주석,한화,유격수,108,104,913 1/3,9,0,158,298,61,0.981,0,0,0,-
18,오재일,두산,1루수,107,90,809,5,0,782,43,76,0.994,0,0,0,-
18,송광민,한화,3루수,107,102,834,9,0,68,202,28,0.968,0,0,0,-
20,오지환,LG,유격수,106,95,830 2/3,11,0,132,255,51,0.972,0,0,0,-
21,로사리오,한화,1루수,105,102,883 1/3,10,0,831,53,95,0.989,0,0,0,-
22,박정권,SK,1루수,103,81,692,7,0,667,67,75,0.991,0,0,0,-
22,정근우,한화,2루수,103,98,800,11,0,231,292,78,0.979,0,0,0,-
24,박민우,NC,2루수,102,99,802,7,0,187,252,68,0.984,0,0,0,-
25,스크럭스,NC,1루수,98,98,867 2/3,9,0,791,43,83,0.989,0,0,0,-
26,박기혁,KT,유격수,97,75,628 1/3,9,0,85,213,46,0.971,0,0,0,-
27,신본기,롯데,유격수,92,71,608,6,0,77,199,42,0.979,0,0,0,-
28,김재호,두산,유격수,91,81,688,9,0,112,262,52,0.977,0,0,0,-
29,김주찬,KIA,1루수,88,75,635 2/3,5,0,572,43,71,0.992,0,0,0,-
30,류지혁,두산,유격수,86,60,543,13,0,93,180,29,0.955,0,0,0,-
30,양석환,LG,3루수,86,75,641 1/3,8,0,55,117,15,0.956,0,0,0,-
32,서동욱,KIA,1루수,85,56,512 2/3,0,0,490,29,58,1.000,0,0,0,-
33,박석민,NC,3루수,83,80,644,9,0,41,115,14,0.945,0,0,0,-
33,문규현,롯데,유격수,83,64,576 2/3,4,0,101,214,42,0.987,0,0,0,-
33,강한울,삼성,유격수,83,72,617,12,0,106,204,51,0.963,0,0,0,-
33,오태곤,KT,1루수,83,64,573 1/3,4,0,579,34,53,0.994,0,0,0,-
37,손주인,LG,2루수,80,57,506 2/3,4,0,102,165,41,0.985,0,0,0,-
38,최주환,두산,2루수,78,61,476 2/3,4,0,129,144,37,0.986,0,0,0,-
39,강승호,LG,2루수,76,63,543 2/3,11,0,135,196,45,0.968,0,0,0,-
39,정성훈,LG,1루수,76,56,439 1/3,5,0,397,26,43,0.988,0,0,0,-
39,나주환,SK,유격수,76,64,527,6,0,94,175,42,0.978,0,0,0,-
42,조동찬,삼성,2루수,74,66,510 1/3,6,0,112,170,51,0.979,0,0,0,-
43,김동한,롯데,3루수,73,53,441 2/3,7,0,29,99,13,0.948,0,0,0,-
44,박승욱,SK,유격수,68,46,443,11,0,67,144,22,0.950,0,0,0,-
45,정현,KT,유격수,64,42,387 2/3,7,0,71,135,25,0.967,0,0,0,-
46,지석훈,NC,유격수,63,34,315 1/3,6,0,56,100,21,0.963,0,0,0,-
46,채태인,넥센,1루수,63,59,487 1/3,6,0,472,26,38,0.988,0,0,0,-
48,심우준,KT,3루수,61,52,454 1/3,9,0,35,122,18,0.946,0,0,0,-
49,이상호,NC,2루수,55,31,316 2/3,6,0,67,98,20,0.965,0,0,0,-
49,김재율,LG,1루수,55,30,316 2/3,2,0,278,22,25,0.993,0,0,0,-
49,양석환,LG,1루수,55,39,365 1/3,0,0,370,36,39,1.000,0,0,0,-
49,오태곤,KT,3루수,55,35,306 2/3,6,0,24,69,5,0.939,0,0,0,-
53,신본기,롯데,3루수,53,27,294,4,0,23,56,2,0.952,0,0,0,-
54,히메네스,LG,3루수,51,46,410 2/3,5,0,38,95,13,0.964,0,0,0,-
54,윤석민,KT,1루수,51,42,379 1/3,0,0,355,24,45,1.000,0,0,0,-
56,지석훈,NC,3루수,49,23,229 2/3,4,0,15,51,11,0.943,0,0,0,-
56,로맥,SK,1루수,49,32,306 1/3,1,0,323,16,29,0.997,0,0,0,-
56,강한울,삼성,2루수,49,38,356 2/3,4,0,81,130,35,0.981,0,0,0,-
59,에반스,두산,1루수,46,46,373 2/3,0,0,371,26,40,1.000,0,0,0,-
59,정현,KT,2루수,46,23,223,0,0,72,76,20,1.000,0,0,0,-
61,모창민,NC,1루수,44,34,283,1,0,272,16,24,0.997,0,0,0,-
61,이대수,SK,유격수,44,31,278 1/3,5,0,52,100,30,0.968,0,0,0,-
61,윤석민,KT,3루수,44,39,323 2/3,3,0,24,55,3,0.963,0,0,0,-
64,최재원,LG,2루수,42,24,215,2,0,57,54,12,0.982,0,0,0,-
65,김상호,롯데,1루수,40,7,132,0,0,129,9,11,1.000,0,0,0,-
65,김상수,삼성,유격수,40,38,306 2/3,7,0,56,83,21,0.952,0,0,0,-
67,장영석,넥센,1루수,39,33,275 2/3,4,0,258,10,25,0.985,0,0,0,-
67,김동욱,KT,1루수,39,28,238 1/3,4,0,212,16,20,0.983,0,0,0,-
67,심우준,KT,유격수,39,26,225,10,0,39,80,13,0.922,0,0,0,-
70,김주형,KIA,3루수,38,18,192 2/3,3,0,16,48,6,0.955,0,0,0,-
71,김지수,넥센,2루수,36,3,83,0,0,18,24,6,1.000,0,0,0,-
71,손주인,LG,유격수,36,29,241 2/3,3,0,36,83,9,0.975,0,0,0,-
73,최주환,두산,3루수,35,28,187 2/3,3,0,15,50,2,0.956,0,0,0,-
73,정경운,한화,유격수,35,24,238 2/3,5,0,38,74,18,0.957,0,0,0,-
73,황진수,롯데,3루수,35,28,213 2/3,2,0,17,38,4,0.965,0,0,0,-
76,정현,KT,3루수,34,25,200,3,0,18,36,2,0.947,0,0,0,-
77,모창민,NC,3루수,33,21,193,5,0,13,34,5,0.904,0,0,0,-
77,오선진,한화,2루수,33,26,236,4,0,49,72,16,0.968,0,0,0,-
79,나주환,SK,2루수,32,27,200,0,0,48,68,17,1.000,0,0,0,-
80,나주환,SK,3루수,31,7,114,1,0,9,16,2,0.962,0,0,0,-
81,고장혁,KIA,3루수,30,3,66 2/3,0,0,11,9,2,1.000,0,0,0,-
81,오선진,한화,3루수,30,13,145,0,0,11,23,4,1.000,0,0,0,-
81,김성훈,삼성,2루수,30,19,181,1,0,34,47,13,0.988,0,0,0,-
81,정병곤,삼성,유격수,30,12,146 2/3,1,0,24,59,16,0.988,0,0,0,-
85,지석훈,NC,2루수,29,11,123,1,0,26,41,6,0.985,0,0,0,-
85,정훈,롯데,2루수,29,20,152 1/3,2,0,32,43,5,0.974,0,0,0,-
87,류지혁,두산,3루수,28,9,104,1,0,8,20,2,0.966,0,0,0,-
88,김회성,한화,1루수,25,15,135,1,0,129,8,11,0.993,0,0,0,-
88,모넬,KT,1루수,25,23,195 2/3,4,0,200,12,29,0.981,0,0,0,-
90,김지성,KIA,유격수,24,9,83,3,0,15,33,8,0.941,0,0,0,-
90,서동욱,KIA,2루수,24,17,130 1/3,0,0,39,37,12,1.000,0,0,0,-
90,강경학,한화,2루수,24,9,115,2,0,26,39,10,0.970,0,0,0,-
90,김성훈,삼성,유격수,24,15,148 1/3,1,0,26,51,10,0.987,0,0,0,-
94,백상원,삼성,2루수,23,12,104 2/3,2,0,29,37,11,0.971,0,0,0,-
95,장영석,넥센,3루수,22,14,124,5,0,10,28,0,0.884,0,0,0,-
96,문규현,롯데,3루수,21,12,125,3,0,9,30,4,0.929,0,0,0,-
96,정병곤,삼성,2루수,21,2,52,1,0,10,20,4,0.968,0,0,0,-
98,최재원,LG,3루수,20,12,107,0,0,3,16,2,1.000,0,0,0,-
98,최준석,롯데,1루수,20,18,143,1,0,134,9,11,0.993,0,0,0,-
98,이승엽,삼성,1루수,20,15,141,2,0,150,10,16,0.988,0,0,0,-
98,정병곤,삼성,3루수,20,1,46 2/3,0,0,4,10,1,1.000,0,0,0,-
98,조동찬,삼성,3루수,20,16,121,2,0,16,28,7,0.957,0,0,0,-
103,도태훈,NC,3루수,19,5,64 2/3,2,0,10,19,1,0.935,0,0,0,-
103,황목치승,LG,유격수,19,5,71 1/3,3,0,10,23,7,0.917,0,0,0,-
103,고장혁,KIA,유격수,19,3,50 1/3,1,0,6,16,4,0.957,0,0,0,-
103,최원준,KIA,3루수,19,10,89 1/3,3,0,8,26,2,0.919,0,0,0,-
103,김대륙,롯데,유격수,19,7,78 2/3,1,0,20,26,7,0.979,0,0,0,-
103,조동찬,삼성,1루수,19,7,79,0,0,73,3,8,1.000,0,0,0,-
109,김재율,LG,3루수,18,10,84 2/3,0,0,7,22,2,1.000,0,0,0,-
109,최항,SK,3루수,18,15,125,2,0,11,32,5,0.956,0,0,0,-
111,송성문,넥센,2루수,17,11,101,1,0,26,40,9,0.985,0,0,0,-
111,로니,LG,1루수,17,17,140,1,0,130,9,9,0.993,0,0,0,-
111,최원준,KIA,1루수,17,5,59,1,0,52,3,1,0.982,0,0,0,-
111,나주환,SK,1루수,17,9,75,0,0,66,4,6,1.000,0,0,0,-
111,최승준,SK,1루수,17,12,101,1,0,93,3,15,0.990,0,0,0,-
111,김회성,한화,3루수,17,6,69,0,0,4,14,1,1.000,0,0,0,-
111,김정혁,삼성,3루수,17,15,136 2/3,1,0,11,23,2,0.971,0,0,0,-
118,김웅빈,넥센,1루수,16,10,89,2,0,76,3,8,0.975,0,0,0,-
118,송성문,넥센,1루수,16,3,48 2/3,1,0,44,2,4,0.979,0,0,0,-
118,최항,SK,2루수,16,9,76,0,0,22,28,9,1.000,0,0,0,-
118,김주현,한화,1루수,16,8,76,2,0,87,6,5,0.979,0,0,0,-
118,김대륙,롯데,3루수,16,3,49 1/3,3,0,1,8,1,0.750,0,0,0,-
123,류지혁,두산,2루수,15,1,36 2/3,1,0,6,13,4,0.950,0,0,0,-
123,황윤호,NC,유격수,15,0,24,1,0,3,8,2,0.917,0,0,0,-
123,김주형,KIA,1루수,15,8,56,0,0,48,3,7,1.000,0,0,0,-
123,로맥,SK,3루수,15,5,67,4,0,7,19,3,0.867,0,0,0,-
123,임익준,한화,2루수,15,6,67,0,0,22,20,7,1.000,0,0,0,-
123,김대륙,롯데,2루수,15,2,57 2/3,0,0,14,21,5,1.000,0,0,0,-
123,황진수,롯데,1루수,15,0,29 2/3,0,0,31,2,3,1.000,0,0,0,-
130,신성현,두산,1루수,14,9,71,0,0,64,11,9,1.000,0,0,0,-
130,이상호,NC,유격수,14,3,44,1,0,2,5,0,0.875,0,0,0,-
130,조평호,NC,3루수,14,8,57 1/3,2,0,6,20,2,0.929,0,0,0,-
133,이상호,NC,3루수,13,6,57,1,0,2,5,0,0.875,0,0,0,-
133,조영훈,NC,1루수,13,9,73,1,0,83,6,9,0.989,0,0,0,-
133,조평호,NC,1루수,13,3,47,0,0,37,1,5,1.000,0,0,0,-
133,김웅빈,넥센,2루수,13,9,61 1/3,0,0,12,10,2,1.000,0,0,0,-
133,최원준,KIA,유격수,13,9,74 2/3,2,0,8,23,3,0.939,0,0,0,-
133,한동민,SK,1루수,13,6,62,3,0,65,4,5,0.958,0,0,0,-
133,문규현,롯데,2루수,13,12,98 1/3,0,0,23,28,8,1.000,0,0,0,-
133,번즈,롯데,3루수,13,10,75,0,0,5,18,1,1.000,0,0,0,-
133,황진수,롯데,2루수,13,6,51 2/3,2,0,9,19,5,0.933,0,0,0,-
142,서예일,두산,유격수,12,3,51,1,0,9,27,5,0.973,0,0,0,-
142,김지수,넥센,유격수,12,2,39,0,0,6,7,3,1.000,0,0,0,-
142,고장혁,KIA,2루수,12,0,24,0,0,5,10,2,1.000,0,0,0,-
142,김태균,한화,1루수,12,12,103 2/3,1,0,100,5,13,0.991,0,0,0,-
142,김정혁,삼성,1루수,12,7,62 2/3,0,0,66,3,8,1.000,0,0,0,-
142,이성규,삼성,2루수,12,5,52 2/3,0,0,13,14,5,1.000,0,0,0,-
148,신성현,두산,3루수,11,5,46 1/3,2,0,2,9,0,0.846,0,0,0,-
148,도태훈,NC,유격수,11,0,39 2/3,1,0,6,12,2,0.947,0,0,0,-
148,김웅빈,넥센,3루수,11,4,39,1,0,5,4,1,0.900,0,0,0,-